id	mutation
1A-WT-TbID_r1	ARID1A-WT
1A-DBDmut-TbID_r1	ARID1A-DBDmut
1A-delIDR1-TbID_r1	ARID1A-delIDR1
1A-CBR-TbID_r1	ARID1A-CBR
No ligase Control_r1	Control
1A-WT-TbID_r2	ARID1A-WT
1A-DBDmut-TbID_r2	ARID1A-DBDmut
1A-delIDR1-TbID_r2	ARID1A-delIDR1
1A-CBR-TbID_r2	ARID1A-CBR
No ligase Control_r2	Control
1A-WT-TbID_r3	ARID1A-WT
1A-DBDmut-TbID_r3	ARID1A-DBDmut
1A-delIDR1-TbID_r3	ARID1A-delIDR1
1A-CBR-TbID_r3	ARID1A-CBR
No ligase Control_r3	Control
AN3CA No Ligase Ctrl Rep1	Control
AN3CA 1A-WT-TbID Rep1	ARID1A-WT
AN3CA 1A-delIDR1-TbID Rep1	ARID1A-delIDR1
AN3CA 1A-FUS IDR-TbID Rep1	ARID1A-FUS IDR
AN3CA No Ligase Ctrl Rep2	Control
AN3CA 1A-WT-TbID Rep2	ARID1A-WT
AN3CA 1A-delIDR1-TbID Rep2	ARID1A-delIDR1
AN3CA 1A-FUS IDR-TbID Rep2	ARID1A-FUS IDR
AN3CA No Ligase Ctrl Rep3	Control
AN3CA 1A-WT-TbID Rep3	ARID1A-WT
AN3CA 1A-delIDR1-TbID Rep3	ARID1A-delIDR1
AN3CA 1A-FUS IDR-TbID Rep3	ARID1A-FUS IDR
No Ligase Control Rep1	Control
1A.WT.Rep1	ARID1A-WT
1A.42YS.Rep1	ARID1A-42YS
1A.AQGscram.Rep1	ARID1A-AQGscram
No Ligase Control Rep2	Control
1A.WT.Rep2	ARID1A-WT
1A.42YS.Rep2	ARID1A-42YS
1A.AQGscram.Rep2	ARID1A-AQGscram
No Ligase Control Rep3	Control
1A.WT.Rep3	ARID1A-WT
1A.42YS.Rep3	ARID1A-42YS
1A.AQGscram.Rep3	ARID1A-AQGscram
